,Common_atlas_space-MNI152NLin6_res-1x1x1.nii.gz,AICHAJoliot2015_space-MNI152NLin6_res-1x1x1.nii.gz,Hammersmith_space-MNI152NLin6_res-1x1x1.nii.gz,AAL_space-MNI152NLin6_res-1x1x1.nii.gz,HarvardOxfordsub-maxprob-thr25_space-MNI152NLin6_res-1x1x1.nii.gz
Common_atlas_space-MNI152NLin6_res-1x1x1.nii.gz,1.0,0.6715109170305676,0.8561124805989226,0.00013066771200836272,0.8326193875932096
AICHAJoliot2015_space-MNI152NLin6_res-1x1x1.nii.gz,0.6715109170305676,1.0,0.7073618569201455,0.003233774983157422,0.5858203185402814
Hammersmith_space-MNI152NLin6_res-1x1x1.nii.gz,0.8561124805989226,0.7073618569201455,1.0,0.0,0.8171706094313019
AAL_space-MNI152NLin6_res-1x1x1.nii.gz,0.00013066771200836272,0.003233774983157422,0.0,1.0,0.0
HarvardOxfordsub-maxprob-thr25_space-MNI152NLin6_res-1x1x1.nii.gz,0.8326193875932096,0.5858203185402814,0.8171706094313019,0.0,1.0
