,Common_atlas_space-MNI152NLin6_res-1x1x1.nii.gz,Desikan_space-MNI152NLin6_res-1x1x1.nii.gz,AICHAJoliot2015_space-MNI152NLin6_res-1x1x1.nii.gz,Destrieux_space-MNI152NLin6_res-1x1x1.nii.gz,HarvardOxfordcort-maxprob-thr25_space-MNI152NLin6_res-1x1x1.nii.gz,Hammersmith_space-MNI152NLin6_res-1x1x1.nii.gz,AAL_space-MNI152NLin6_res-1x1x1.nii.gz
Common_atlas_space-MNI152NLin6_res-1x1x1.nii.gz,1.0,0.5478979270476068,0.536593698262949,0.43715176788029575,0.6008466843183892,0.2980607391145262,0.0
Desikan_space-MNI152NLin6_res-1x1x1.nii.gz,0.5478979270476068,1.0,0.5898827616152844,0.43910085054678005,0.6255118110236221,0.3835248470377556,0.025234034156928944
AICHAJoliot2015_space-MNI152NLin6_res-1x1x1.nii.gz,0.536593698262949,0.5898827616152844,1.0,0.5032273779076848,0.6339000569815672,0.3852147808043795,0.0
Destrieux_space-MNI152NLin6_res-1x1x1.nii.gz,0.43715176788029575,0.43910085054678005,0.5032273779076848,1.0,0.5862026191277844,0.24246912200301793,0.0
HarvardOxfordcort-maxprob-thr25_space-MNI152NLin6_res-1x1x1.nii.gz,0.6008466843183892,0.6255118110236221,0.6339000569815672,0.5862026191277844,1.0,0.35012969132235977,0.0
Hammersmith_space-MNI152NLin6_res-1x1x1.nii.gz,0.2980607391145262,0.3835248470377556,0.3852147808043795,0.24246912200301793,0.35012969132235977,1.0,0.0
AAL_space-MNI152NLin6_res-1x1x1.nii.gz,0.0,0.025234034156928944,0.0,0.0,0.0,0.0,1.0
