,Common_atlas_space-MNI152NLin6_res-1x1x1.nii.gz,AICHAJoliot2015_space-MNI152NLin6_res-1x1x1.nii.gz,Hammersmith_space-MNI152NLin6_res-1x1x1.nii.gz,AAL_space-MNI152NLin6_res-1x1x1.nii.gz,HarvardOxfordsub-maxprob-thr25_space-MNI152NLin6_res-1x1x1.nii.gz
Common_atlas_space-MNI152NLin6_res-1x1x1.nii.gz,1.0,0.7547060138609435,0.8651634610555918,0.0,0.857177067867235
AICHAJoliot2015_space-MNI152NLin6_res-1x1x1.nii.gz,0.7547060138609435,1.0,0.7397234324682705,0.0,0.7858889593333938
Hammersmith_space-MNI152NLin6_res-1x1x1.nii.gz,0.8651634610555918,0.7397234324682705,1.0,0.0,0.8702496179317372
AAL_space-MNI152NLin6_res-1x1x1.nii.gz,0.0,0.0,0.0,1.0,0.0
HarvardOxfordsub-maxprob-thr25_space-MNI152NLin6_res-1x1x1.nii.gz,0.857177067867235,0.7858889593333938,0.8702496179317372,0.0,1.0
