,Common_atlas_space-MNI152NLin6_res-1x1x1.nii.gz,Desikan_space-MNI152NLin6_res-1x1x1.nii.gz,AICHAJoliot2015_space-MNI152NLin6_res-1x1x1.nii.gz,Destrieux_space-MNI152NLin6_res-1x1x1.nii.gz,HarvardOxfordcort-maxprob-thr25_space-MNI152NLin6_res-1x1x1.nii.gz,Hammersmith_space-MNI152NLin6_res-1x1x1.nii.gz,AAL_space-MNI152NLin6_res-1x1x1.nii.gz
Common_atlas_space-MNI152NLin6_res-1x1x1.nii.gz,1.0,0.5207492593715739,0.21259779014436647,0.3554106378642755,0.4910573290130894,0.46161092793217146,0.012675823266589442
Desikan_space-MNI152NLin6_res-1x1x1.nii.gz,0.5207492593715739,1.0,0.2751355248751569,0.4334180703713383,0.6984754528960979,0.6578074582057483,0.010125046659201194
AICHAJoliot2015_space-MNI152NLin6_res-1x1x1.nii.gz,0.21259779014436647,0.2751355248751569,1.0,0.4560366361365529,0.3456628039386429,0.20798735489433332,0.08304763441293914
Destrieux_space-MNI152NLin6_res-1x1x1.nii.gz,0.3554106378642755,0.4334180703713383,0.4560366361365529,1.0,0.5173173841039878,0.3342860087896024,0.10221829670143018
HarvardOxfordcort-maxprob-thr25_space-MNI152NLin6_res-1x1x1.nii.gz,0.4910573290130894,0.6984754528960979,0.3456628039386429,0.5173173841039878,1.0,0.596240680457839,0.024473847377718502
Hammersmith_space-MNI152NLin6_res-1x1x1.nii.gz,0.46161092793217146,0.6578074582057483,0.20798735489433332,0.3342860087896024,0.596240680457839,1.0,0.009015083638916342
AAL_space-MNI152NLin6_res-1x1x1.nii.gz,0.012675823266589442,0.010125046659201194,0.08304763441293914,0.10221829670143018,0.024473847377718502,0.009015083638916342,1.0
