,Common_atlas_space-MNI152NLin6_res-1x1x1.nii.gz,AICHAJoliot2015_space-MNI152NLin6_res-1x1x1.nii.gz,Hammersmith_space-MNI152NLin6_res-1x1x1.nii.gz,AAL_space-MNI152NLin6_res-1x1x1.nii.gz,HarvardOxfordsub-maxprob-thr25_space-MNI152NLin6_res-1x1x1.nii.gz
Common_atlas_space-MNI152NLin6_res-1x1x1.nii.gz,1.0,0.6893164847788628,0.886810249960698,0.0,0.9019850158337839
AICHAJoliot2015_space-MNI152NLin6_res-1x1x1.nii.gz,0.6893164847788628,1.0,0.6589361202442461,0.0014941137072052345,0.6911398273164513
Hammersmith_space-MNI152NLin6_res-1x1x1.nii.gz,0.886810249960698,0.6589361202442461,1.0,0.0,0.901105895457077
AAL_space-MNI152NLin6_res-1x1x1.nii.gz,0.0,0.0014941137072052345,0.0,1.0,0.0
HarvardOxfordsub-maxprob-thr25_space-MNI152NLin6_res-1x1x1.nii.gz,0.9019850158337839,0.6911398273164513,0.901105895457077,0.0,1.0
