,Common_atlas_space-MNI152NLin6_res-1x1x1.nii.gz,Desikan_space-MNI152NLin6_res-1x1x1.nii.gz,AICHAJoliot2015_space-MNI152NLin6_res-1x1x1.nii.gz,Destrieux_space-MNI152NLin6_res-1x1x1.nii.gz,Hammersmith_space-MNI152NLin6_res-1x1x1.nii.gz,AAL_space-MNI152NLin6_res-1x1x1.nii.gz
Common_atlas_space-MNI152NLin6_res-1x1x1.nii.gz,1.0,0.49125874125874125,0.31257984577259923,0.5043402235683507,0.49553467129905265,0.4145029926311045
Desikan_space-MNI152NLin6_res-1x1x1.nii.gz,0.49125874125874125,1.0,0.29389539637321305,0.4961953582609093,0.712377182441507,0.5840420670699685
AICHAJoliot2015_space-MNI152NLin6_res-1x1x1.nii.gz,0.31257984577259923,0.29389539637321305,1.0,0.44299493013478425,0.24510739856801908,0.32397041183526587
Destrieux_space-MNI152NLin6_res-1x1x1.nii.gz,0.5043402235683507,0.4961953582609093,0.44299493013478425,1.0,0.44103431609473176,0.5584685896896813
Hammersmith_space-MNI152NLin6_res-1x1x1.nii.gz,0.49553467129905265,0.712377182441507,0.24510739856801908,0.44103431609473176,1.0,0.5125615896908333
AAL_space-MNI152NLin6_res-1x1x1.nii.gz,0.4145029926311045,0.5840420670699685,0.32397041183526587,0.5584685896896813,0.5125615896908333,1.0
