,Common_atlas_space-MNI152NLin6_res-1x1x1.nii.gz,Desikan_space-MNI152NLin6_res-1x1x1.nii.gz,AICHAJoliot2015_space-MNI152NLin6_res-1x1x1.nii.gz,Destrieux_space-MNI152NLin6_res-1x1x1.nii.gz,Glasser_space-MNI152NLin6_res-1x1x1.nii.gz,AAL_space-MNI152NLin6_res-1x1x1.nii.gz
Common_atlas_space-MNI152NLin6_res-1x1x1.nii.gz,1.0,0.4686487248133014,0.5402226068358028,0.42937526410604276,0.12340214698596201,0.0
Desikan_space-MNI152NLin6_res-1x1x1.nii.gz,0.4686487248133014,1.0,0.5554821267647942,0.3385871188240369,0.07868151024127412,0.0021357326244518665
AICHAJoliot2015_space-MNI152NLin6_res-1x1x1.nii.gz,0.5402226068358028,0.5554821267647942,1.0,0.4444301352221507,0.10490807893405296,0.0
Destrieux_space-MNI152NLin6_res-1x1x1.nii.gz,0.42937526410604276,0.3385871188240369,0.4444301352221507,1.0,0.13072018004501126,0.0
Glasser_space-MNI152NLin6_res-1x1x1.nii.gz,0.12340214698596201,0.07868151024127412,0.10490807893405296,0.13072018004501126,1.0,0.0
AAL_space-MNI152NLin6_res-1x1x1.nii.gz,0.0,0.0021357326244518665,0.0,0.0,0.0,1.0
