,Common_atlas_space-MNI152NLin6_res-1x1x1.nii.gz,AICHAJoliot2015_space-MNI152NLin6_res-1x1x1.nii.gz,Juelich_space-MNI152NLin6_res-1x1x1.nii.gz,JHU_space-MNI152NLin6_res-1x1x1.nii.gz,Glasser_space-MNI152NLin6_res-1x1x1.nii.gz,Hammersmith_space-MNI152NLin6_res-1x1x1.nii.gz,AAL_space-MNI152NLin6_res-1x1x1.nii.gz,HarvardOxfordsub-maxprob-thr25_space-MNI152NLin6_res-1x1x1.nii.gz
Common_atlas_space-MNI152NLin6_res-1x1x1.nii.gz,1.0,0.43027479469361973,0.43151607688162386,0.03412093304144335,0.1988857938718663,0.37350288333579773,0.0002748385323622372,0.8154075681540757
AICHAJoliot2015_space-MNI152NLin6_res-1x1x1.nii.gz,0.43027479469361973,1.0,0.3194882870908789,0.008539405799679772,0.04806408544726302,0.13604013534010034,0.11370390753990094,0.40349718282494657
Juelich_space-MNI152NLin6_res-1x1x1.nii.gz,0.43151607688162386,0.3194882870908789,1.0,0.10501510909040504,0.15985370051635112,0.12918844566712517,0.005778800363850393,0.4201766682241951
JHU_space-MNI152NLin6_res-1x1x1.nii.gz,0.03412093304144335,0.008539405799679772,0.10501510909040504,1.0,0.0905852417302799,0.0,0.0,0.009374542258678776
Glasser_space-MNI152NLin6_res-1x1x1.nii.gz,0.1988857938718663,0.04806408544726302,0.15985370051635112,0.0905852417302799,1.0,0.12504049238743117,0.0,0.2081668585359247
Hammersmith_space-MNI152NLin6_res-1x1x1.nii.gz,0.37350288333579773,0.13604013534010034,0.12918844566712517,0.0,0.12504049238743117,1.0,0.0,0.375798464078088
AAL_space-MNI152NLin6_res-1x1x1.nii.gz,0.0002748385323622372,0.11370390753990094,0.005778800363850393,0.0,0.0,0.0,1.0,0.00240625626629236
HarvardOxfordsub-maxprob-thr25_space-MNI152NLin6_res-1x1x1.nii.gz,0.8154075681540757,0.40349718282494657,0.4201766682241951,0.009374542258678776,0.2081668585359247,0.375798464078088,0.00240625626629236,1.0
