,Common_atlas_space-MNI152NLin6_res-1x1x1.nii.gz,Desikan_space-MNI152NLin6_res-1x1x1.nii.gz,AICHAJoliot2015_space-MNI152NLin6_res-1x1x1.nii.gz,Destrieux_space-MNI152NLin6_res-1x1x1.nii.gz,HarvardOxfordcort-maxprob-thr25_space-MNI152NLin6_res-1x1x1.nii.gz,Glasser_space-MNI152NLin6_res-1x1x1.nii.gz,Hammersmith_space-MNI152NLin6_res-1x1x1.nii.gz,AAL_space-MNI152NLin6_res-1x1x1.nii.gz
Common_atlas_space-MNI152NLin6_res-1x1x1.nii.gz,1.0,0.45342733944292973,0.41147960421852575,0.39575873349780744,0.18812199036918137,0.05857040119781658,0.39521300873386095,0.45067666336586976
Desikan_space-MNI152NLin6_res-1x1x1.nii.gz,0.45342733944292973,1.0,0.5654287687905003,0.4593938067622278,0.21588071627309696,0.05988877490416284,0.5842058795630823,0.16460775473399458
AICHAJoliot2015_space-MNI152NLin6_res-1x1x1.nii.gz,0.41147960421852575,0.5654287687905003,1.0,0.4306920342881037,0.22707250811067445,0.061440436909773584,0.5095243904564387,0.1481433737036488
Destrieux_space-MNI152NLin6_res-1x1x1.nii.gz,0.39575873349780744,0.4593938067622278,0.4306920342881037,1.0,0.2939611860900404,0.07380127094165223,0.3845629920471163,0.28443880279831985
HarvardOxfordcort-maxprob-thr25_space-MNI152NLin6_res-1x1x1.nii.gz,0.18812199036918137,0.21588071627309696,0.22707250811067445,0.2939611860900404,1.0,0.0019481310118105442,0.2824615586805099,0.0448938880714194
Glasser_space-MNI152NLin6_res-1x1x1.nii.gz,0.05857040119781658,0.05988877490416284,0.061440436909773584,0.07380127094165223,0.0019481310118105442,1.0,0.0,0.035510250973920854
Hammersmith_space-MNI152NLin6_res-1x1x1.nii.gz,0.39521300873386095,0.5842058795630823,0.5095243904564387,0.3845629920471163,0.2824615586805099,0.0,1.0,0.056079832801923066
AAL_space-MNI152NLin6_res-1x1x1.nii.gz,0.45067666336586976,0.16460775473399458,0.1481433737036488,0.28443880279831985,0.0448938880714194,0.035510250973920854,0.056079832801923066,1.0
