,Common_atlas_space-MNI152NLin6_res-1x1x1.nii.gz,AICHAJoliot2015_space-MNI152NLin6_res-1x1x1.nii.gz,Juelich_space-MNI152NLin6_res-1x1x1.nii.gz,Hammersmith_space-MNI152NLin6_res-1x1x1.nii.gz,AAL_space-MNI152NLin6_res-1x1x1.nii.gz,HarvardOxfordsub-maxprob-thr25_space-MNI152NLin6_res-1x1x1.nii.gz
Common_atlas_space-MNI152NLin6_res-1x1x1.nii.gz,1.0,0.10979150171549222,0.5381807563147905,0.7686548540054904,0.0,0.7408099688473521
AICHAJoliot2015_space-MNI152NLin6_res-1x1x1.nii.gz,0.10979150171549222,1.0,0.22362602653190145,0.024355300859598854,0.0,0.17519776640297813
Juelich_space-MNI152NLin6_res-1x1x1.nii.gz,0.5381807563147905,0.22362602653190145,1.0,0.4812213740458015,0.0,0.5655069312313129
Hammersmith_space-MNI152NLin6_res-1x1x1.nii.gz,0.7686548540054904,0.024355300859598854,0.4812213740458015,1.0,0.0,0.6441541186891054
AAL_space-MNI152NLin6_res-1x1x1.nii.gz,0.0,0.0,0.0,0.0,1.0,0.0
HarvardOxfordsub-maxprob-thr25_space-MNI152NLin6_res-1x1x1.nii.gz,0.7408099688473521,0.17519776640297813,0.5655069312313129,0.6441541186891054,0.0,1.0
