,Common_atlas_space-MNI152NLin6_res-1x1x1.nii.gz,Desikan_space-MNI152NLin6_res-1x1x1.nii.gz,AICHAJoliot2015_space-MNI152NLin6_res-1x1x1.nii.gz,Juelich_space-MNI152NLin6_res-1x1x1.nii.gz,Destrieux_space-MNI152NLin6_res-1x1x1.nii.gz,HarvardOxfordcort-maxprob-thr25_space-MNI152NLin6_res-1x1x1.nii.gz,Hammersmith_space-MNI152NLin6_res-1x1x1.nii.gz,AAL_space-MNI152NLin6_res-1x1x1.nii.gz
Common_atlas_space-MNI152NLin6_res-1x1x1.nii.gz,1,0.421223763,0.253299385,0.385638008,0.340551434,0.381125704,0.239817098,0.002125092
Desikan_space-MNI152NLin6_res-1x1x1.nii.gz,0.421223763,1,0.30500446,0.441602836,0.287887063,0.384694753,0.4505892,0.006343812
AICHAJoliot2015_space-MNI152NLin6_res-1x1x1.nii.gz,0.253299385,0.30500446,1,0.340707071,0.470767786,0.505769703,0.254994062,0.002467584
Juelich_space-MNI152NLin6_res-1x1x1.nii.gz,0.385638008,0.441602836,0.340707071,1,0.352373209,0.273538714,0.466674583,0.000433805
Destrieux_space-MNI152NLin6_res-1x1x1.nii.gz,0.340551434,0.287887063,0.470767786,0.352373209,1,0.398041847,0.223824961,0
HarvardOxfordcort-maxprob-thr25_space-MNI152NLin6_res-1x1x1.nii.gz,0.381125704,0.384694753,0.505769703,0.273538714,0.398041847,1,0.283847749,0.004152503
Hammersmith_space-MNI152NLin6_res-1x1x1.nii.gz,0.239817098,0.4505892,0.254994062,0.466674583,0.223824961,0.283847749,1,0.003627208
AAL_space-MNI152NLin6_res-1x1x1.nii.gz,0.002125092,0.006343812,0.002467584,0.000433805,0,0.004152503,0.003627208,1
